,ds,yhat
3287,2022-01-01,60809.2366388826
3288,2022-01-02,58836.52772036425
3289,2022-01-03,65878.58789001057
3290,2022-01-04,67782.13522520651
3291,2022-01-05,68448.16652922344
3292,2022-01-06,68910.01121870297
3293,2022-01-07,68845.33307280124
3294,2022-01-08,64456.90511091234
3295,2022-01-09,62628.125435012174
3296,2022-01-10,69753.92540501003
3297,2022-01-11,71680.13911175527
3298,2022-01-12,72308.14633719891
3299,2022-01-13,72672.90426013633
3300,2022-01-14,72454.89836959838
3301,2022-01-15,67860.83917819646
3302,2022-01-16,65779.07457627163
3303,2022-01-17,72610.37182882422
3304,2022-01-18,74207.14137514145
3305,2022-01-19,74477.91829462234
3306,2022-01-20,74465.22075574954
3307,2022-01-21,73857.32024826526
3308,2022-01-22,68868.75469530722
3309,2022-01-23,66395.55884152731
3310,2022-01-24,72845.87040596707
3311,2022-01-25,74078.98846325708
3312,2022-01-26,74009.70392430047
3313,2022-01-27,73686.02504449099
3314,2022-01-28,72800.83587886591
3315,2022-01-29,67572.32133215794
3316,2022-01-30,64899.13511741376
3317,2022-01-31,71190.97035009952
3318,2022-02-01,72307.60977140997
3319,2022-02-02,72163.2752849161
3320,2022-02-03,71804.39883959138
3321,2022-02-04,70921.35100548176
3322,2022-02-05,65728.95868444341
3323,2022-02-06,63121.78549600984
3324,2022-02-07,69504.8313016074
3325,2022-02-08,70732.72419895389
3326,2022-02-09,70714.2207116663
3327,2022-02-10,70490.1320599675
3328,2022-02-11,69745.20863727455
3329,2022-02-12,64688.80995315948
3330,2022-02-13,62210.32955433347
3331,2022-02-14,68710.02761849943
3332,2022-02-15,70038.34114608166
3333,2022-02-16,70100.48451748659
3334,2022-02-17,69934.45587159629
3335,2022-02-18,69222.97958764521
3336,2022-02-19,64174.210921494545
3337,2022-02-20,61677.17175742317
3338,2022-02-21,68132.57028837186
3339,2022-02-22,69392.07532546273
3340,2022-02-23,69362.859409707
3341,2022-02-24,69085.52817108648
3342,2022-02-25,68245.96872912202
3343,2022-02-26,63055.94614458541
3344,2022-02-27,60408.42020156068
3345,2022-02-28,66708.2389138276
3346,2022-03-01,67811.28319486631
3347,2022-03-02,67628.88065709246
3348,2022-03-03,67205.60971974581
3349,2022-03-04,66231.0303943753
3350,2022-03-05,60920.17407017993
3351,2022-03-06,58168.767538519794
3352,2022-03-07,64383.850176265376
3353,2022-03-08,65422.860751187705
3354,2022-03-09,65198.01328311709
3355,2022-03-10,64754.08401591224
3356,2022-03-11,63780.14613238351
3357,2022-03-12,58490.08418267951
3358,2022-03-13,55777.86251405542
3359,2022-03-14,62048.20510338798
3360,2022-03-15,63155.761218421045
3361,2022-03-16,63009.573847623906
3362,2022-03-17,62650.97008094357
3363,2022-03-18,61765.4069048069
3364,2022-03-19,56563.10101382422
3365,2022-03-20,53934.413457102295
3366,2022-03-21,60280.64305053465
3367,2022-03-22,61453.29961203025
3368,2022-03-23,61358.670788099014
3369,2022-03-24,61035.79877181021
3370,2022-03-25,60168.39786402025
3371,2022-03-26,54965.53941068507
3372,2022-03-27,52317.0733642647
3373,2022-03-28,58624.439373013156
3374,2022-03-29,59739.93799689197
3375,2022-03-30,59571.275940964406
3376,2022-03-31,59159.50230125939
3377,2022-04-01,58190.868021262715
3378,2022-04-02,52877.43684922193
3379,2022-04-03,50112.41926005112
3380,2022-04-04,56300.88485304593
3381,2022-04-05,57298.92674547846
3382,2022-04-06,57018.09500233372
3383,2022-04-07,56503.21938164908
3384,2022-04-08,55444.156917593726
3385,2022-04-09,50056.29589783462
3386,2022-04-10,47235.79081330091
3387,2022-04-11,53390.186664009765
3388,2022-04-12,54377.50868884768
3389,2022-04-13,54110.6367106909
3390,2022-04-14,53635.086068829274
3391,2022-04-15,52640.73184836495
3392,2022-04-16,47342.30861262284
3393,2022-04-17,44634.66031105087
3394,2022-04-18,50923.39828532743
3395,2022-04-19,52064.04244050123
3396,2022-04-20,51966.46326197416
3397,2022-04-21,51672.74467626933
3398,2022-04-22,50869.002086463006
3399,2022-04-23,45765.985074592616
3400,2022-04-24,43254.43647560032
3401,2022-04-25,49735.86260854362
3402,2022-04-26,51061.78651913323
3403,2022-04-27,51138.29871704111
3404,2022-04-28,51004.02231743036
3405,2022-04-29,50342.02402635106
3406,2022-04-30,45360.49785084537
3407,2022-05-01,42948.190981116975
3408,2022-05-02,49505.22479077599
3409,2022-05-03,50882.3814391059
3410,2022-05-04,50985.66969420466
3411,2022-05-05,50854.28655253321
3412,2022-05-06,50172.50629547391
3413,2022-05-07,45150.32459412248
3414,2022-05-08,42678.82834346193
3415,2022-05-09,49160.94587366369
3416,2022-05-10,50450.65013729397
3417,2022-05-11,50457.430959866106
3418,2022-05-12,50224.15567511124
3419,2022-05-13,49438.85273004216
3420,2022-05-14,44315.24892661636
3421,2022-05-15,41748.03405957294
3422,2022-05-16,48143.5106093918
3423,2022-05-17,49358.7039470708
3424,2022-05-18,49305.75175975858
3425,2022-05-19,49029.69432981468
3426,2022-05-20,48220.202187317824
3427,2022-05-21,43092.0733073959
3428,2022-05-22,40540.47464473932
3429,2022-05-23,46971.58619747591
3430,2022-05-24,48241.723078732284
3431,2022-05-25,48261.753815294534
3432,2022-05-26,48074.93552473391
3433,2022-05-27,47368.70104634453
3434,2022-05-28,42355.228336351924
3435,2022-05-29,39926.76469745045
3436,2022-05-30,46486.36151890782
3437,2022-05-31,47887.09227001699
3438,2022-06-01,48036.569093958125
3439,2022-06-02,47974.87572678696
3440,2022-06-03,47386.44892427666
3441,2022-06-04,42480.73593112251
3442,2022-06-05,40147.597985854605
3443,2022-06-06,46788.11323288239
3444,2022-06-07,48253.84982058068
3445,2022-06-08,48451.422963122815
3446,2022-06-09,48420.452562164384
3447,2022-06-10,47845.45291385067
3448,2022-06-11,42936.48186767858
3449,2022-06-12,40584.51975418433
3450,2022-06-13,47192.23225803688
3451,2022-06-14,48613.18927582125
3452,2022-06-15,48756.35521364857
3453,2022-06-16,48663.96936480208
3454,2022-06-17,48023.35024244273
3455,2022-06-18,43047.45381885608
3456,2022-06-19,40630.158732484924
3457,2022-06-20,47176.935461797395
3458,2022-06-21,48543.97432294808
3459,2022-06-22,48642.590477351994
3460,2022-06-23,48517.02715271483
3461,2022-06-24,47856.19327499612
3462,2022-06-25,42874.167475960814
3463,2022-06-26,40465.443183473144
3464,2022-06-27,47035.57302534784
3465,2022-06-28,48440.28818484351
3466,2022-06-29,48589.911204059594
3467,2022-06-30,48527.18326786498
3468,2022-07-01,47939.041520773506
3469,2022-07-02,43037.177280483214
3470,2022-07-03,40713.34833161965
3471,2022-07-04,47370.10162826642
3472,2022-07-05,48859.979817721374
3473,2022-07-06,49090.027597761014
3474,2022-07-07,49099.716268523945
3475,2022-07-08,48572.81925017948
3476,2022-07-09,43718.066618059536
3477,2022-07-10,41424.549077072574
3478,2022-07-11,48092.52507072342
3479,2022-07-12,49572.702007743326
3480,2022-07-13,49770.805460488235
3481,2022-07-14,49725.55287229193
3482,2022-07-15,49120.56310300179
3483,2022-07-16,44165.02884755432
3484,2022-07-17,41749.12178233338
3485,2022-07-18,48274.78403463404
3486,2022-07-19,49594.97732402773
3487,2022-07-20,49618.20445215696
3488,2022-07-21,49386.42093025952
3489,2022-07-22,48586.86972021821
3490,2022-07-23,43432.66811649255
3491,2022-07-24,40818.11890610891
3492,2022-07-25,47149.40190775364
3493,2022-07-26,48283.719899441305
3494,2022-07-27,48133.71635007669
3495,2022-07-28,47745.28548616688
3496,2022-07-29,46809.31033881255
3497,2022-07-30,41542.16032129182
3498,2022-07-31,38840.9227836022
3499,2022-08-01,45114.02667766413
3500,2022-08-02,46220.33404646572
3501,2022-08-03,46073.51808261966
3502,2022-08-04,45719.8492121996
3503,2022-08-05,44849.9253464057
3504,2022-08-06,39679.1779130337
3505,2022-08-07,37103.12774257592
3506,2022-08-08,43528.048155112774
3507,2022-08-09,44810.10978190058
3508,2022-08-10,44859.82433638257
3509,2022-08-11,44719.90695238314
3510,2022-08-12,44077.091143490834
3511,2022-08-13,39142.72571588938
3512,2022-08-14,36808.125305384565
3513,2022-08-15,43475.32942215359
3514,2022-08-16,44996.34208695352
3515,2022-08-17,45277.66689982597
3516,2022-08-18,45358.254927311056
3517,2022-08-19,44921.39742981254
3518,2022-08-20,40175.3909802087
3519,2022-08-21,38008.94515802596
3520,2022-08-22,44821.986545181615
3521,2022-08-23,46464.93030325886
3522,2022-08-24,46843.233735625065
3523,2022-08-25,46995.34915421315
3524,2022-08-26,46604.608367199195
3525,2022-08-27,41879.866978880105
3526,2022-08-28,39710.87964314918
3527,2022-08-29,46499.06123507624
3528,2022-08-30,48096.70669768423
3529,2022-08-31,48411.48563413117
3530,2022-09-01,48484.33076849787
3531,2022-09-02,48001.25447629175
3532,2022-09-03,43173.92348544227
3533,2022-09-04,40894.96476779381
3534,2022-09-05,47568.65938112126
3535,2022-09-06,49050.098680751995
3536,2022-09-07,49249.62045803106
3537,2022-09-08,49210.64540221359
3538,2022-09-09,48621.44911874431
3539,2022-09-10,43695.700573682494
3540,2022-09-11,41327.74047801034
3541,2022-09-12,47923.256587860764
3542,2022-09-13,49338.43028276054
3543,2022-09-14,49484.37166355864
3544,2022-09-15,49404.963013807035
3545,2022-09-16,48788.64509621987
3546,2022-09-17,43848.976217426214
3547,2022-09-18,41479.93650246751
3548,2022-09-19,48086.63318766362
3549,2022-09-20,49524.48007528425
3550,2022-09-21,49703.667164367864
3551,2022-09-22,49667.03910833082
3552,2022-09-23,49101.915849843994
3553,2022-09-24,44220.68435397588
3554,2022-09-25,41916.133006624295
3555,2022-09-26,48592.183774862046
3556,2022-09-27,50103.09474082677
3557,2022-09-28,50357.94868136942
3558,2022-09-29,50398.54619540788
3559,2022-09-30,49911.23676938651
3560,2022-10-01,45107.516918756344
3561,2022-10-02,42879.36734916108
3562,2022-10-03,49629.98474576685
3563,2022-10-04,51212.98142203275
3564,2022-10-05,51536.86919490128
3565,2022-10-06,51642.94672390948
3566,2022-10-07,51217.1244459077
3567,2022-10-08,46470.516954676685
3568,2022-10-09,44294.775417236044
3569,2022-10-10,51092.81618926134
3570,2022-10-11,52718.019294617174
3571,2022-10-12,53078.71342701168
3572,2022-10-13,53216.066844995716
3573,2022-10-14,52815.91825873411
3574,2022-10-15,48089.377356057266
3575,2022-10-16,45928.167193562775
3576,2022-10-17,52735.3640988437
3577,2022-10-18,54364.60809790282
3578,2022-10-19,54724.59976940232
3579,2022-10-20,54857.00206078208
3580,2022-10-21,54448.28028658533
3581,2022-10-22,49710.30907184016
3582,2022-10-23,47535.71761494015
3583,2022-10-24,54328.62813702048
3584,2022-10-25,55943.8598636985
3585,2022-10-26,56291.41391838673
3586,2022-10-27,56414.357317543916
3587,2022-10-28,56000.639147649825
3588,2022-10-29,51263.66776941908
3589,2022-10-30,49097.620743229796
3590,2022-10-31,55908.14290246363
3591,2022-11-01,57551.505717611435
3592,2022-11-02,57939.04435110131
3593,2022-11-03,58114.99181708795
3594,2022-11-04,57768.244723560056
3595,2022-11-05,53112.89097675982
3596,2022-11-06,51043.47276990559
3597,2022-11-07,57965.64195653465
3598,2022-11-08,59735.28261747241
3599,2022-11-09,60262.91882524242
3600,2022-11-10,60591.52850797576
3601,2022-11-11,60408.29920506062
3602,2022-11-12,55925.157187970406
3603,2022-11-13,54034.044091632415
3604,2022-11-14,61137.59867127668
3605,2022-11-15,63088.31866535917
3606,2022-11-16,63793.020575798735
3607,2022-11-17,64290.71769554999
3608,2022-11-18,64264.451223374
3609,2022-11-19,59921.90461495832
3610,2022-11-20,58150.7736405961
3611,2022-11-21,65349.547769435056
3612,2022-11-22,67366.77559007966
3613,2022-11-23,68105.62958290346
3614,2022-11-24,68601.88791510717
3615,2022-11-25,68535.86534399423
3616,2022-11-26,64113.120600430586
3617,2022-11-27,62219.91000011347
3618,2022-11-28,69254.0403112138
3619,2022-11-29,71064.19120547271
3620,2022-11-30,71554.52050606362
3621,2022-12-01,71762.6681516011
3622,2022-12-02,71371.68961804044
3623,2022-12-03,66590.7452878137
3624,2022-12-04,64310.51513003881
3625,2022-12-05,70933.99186315922
3626,2022-12-06,72315.72360900673
3627,2022-12-07,72366.32047214448
3628,2022-12-08,72130.34270580472
3629,2022-12-09,71298.10344027622
3630,2022-12-10,66086.21514348507
3631,2022-12-11,63392.852246863105
3632,2022-12-12,69628.38649538299
3633,2022-12-13,70654.46965765905
3634,2022-12-14,70388.38180607664
3635,2022-12-15,69880.766660525
3636,2022-12-16,68827.29076136471
3637,2022-12-17,63449.059289761106
3638,2022-12-18,60647.76437832403
3639,2022-12-19,66836.22554954173
3640,2022-12-20,67877.39957932699
3641,2022-12-21,67688.68016356522
3642,2022-12-22,67319.61049095292
3643,2022-12-23,66463.54648840716
3644,2022-12-24,61338.10391254394
3645,2022-12-25,58840.364821114854
3646,2022-12-26,65377.502085603795
3647,2022-12-27,66805.8976146293
3648,2022-12-28,67035.57241843223
3649,2022-12-29,67108.04880003093
3650,2022-12-30,66708.1791156614
3651,2022-12-31,62044.770526949265
3652,2023-01-01,60005.97719061381
3653,2023-01-02,66990.11422347717
3654,2023-01-03,68844.96465798233
3655,2023-01-04,69472.39304977171
3656,2023-01-05,69906.38164805007
3657,2023-01-06,69825.01940636477
3658,2023-01-07,65431.26940564778
3659,2023-01-08,63608.48270069499
3660,2023-01-09,70751.30999729969
3661,2023-01-10,72705.08002740066
3662,2023-01-11,73370.4565795321
3663,2023-01-12,73781.4890814986
3664,2023-01-13,73617.58671689968
3665,2023-01-14,69084.24207920818
3666,2023-01-15,67068.47352382314
3667,2023-01-16,73969.6394644937
3668,2023-01-17,75638.69596392423
3669,2023-01-18,75982.71263704948
3670,2023-01-19,76042.7653275913
3671,2023-01-20,75505.73951074673
3672,2023-01-21,70584.87470436798
3673,2023-01-22,68175.0235227354
3674,2023-01-23,74683.2831728272
3675,2023-01-24,75968.07525784743
3676,2023-01-25,75943.49326649084
3677,2023-01-26,75657.04030041018
3678,2023-01-27,74801.29471190355
3679,2023-01-28,69594.33718450462
3680,2023-01-29,66934.91559057978
3681,2023-01-30,73233.00750666487
3682,2023-01-31,74348.85766281441
3683,2023-02-01,74197.31041341084
3684,2023-02-02,73825.55977361464
3685,2023-02-03,72924.85397386609
3686,2023-02-04,67710.98665763851
3687,2023-02-05,65079.54900364221
3688,2023-02-06,71436.6000151335
3689,2023-02-07,72637.82910306306
3690,2023-02-08,72593.02747913217
3691,2023-02-09,72343.9870080243
3692,2023-02-10,71576.35936080484
3693,2023-02-11,66500.30338076675
3694,2023-02-12,64005.89074067236
3695,2023-02-13,70493.9230565996
3696,2023-02-14,71815.23074224888
3697,2023-02-15,71875.26661366073
3698,2023-02-16,71712.10981610001
3699,2023-02-17,71008.41034675516
3700,2023-02-18,65972.10009031321
3701,2023-02-19,63491.83907508538
3702,2023-02-20,69967.84939825934
3703,2023-02-21,71251.20705543214
3704,2023-02-22,71248.4052973943
3705,2023-02-23,70999.30633763396
3706,2023-02-24,70189.01353291229
3707,2023-02-25,65028.49234152337
3708,2023-02-26,62409.911622187516
3709,2023-02-27,68737.36095868707
3710,2023-02-28,69866.01777021535
3711,2023-03-01,69706.58154005355
3712,2023-03-02,69303.09577444903
3713,2023-03-03,68344.69357362589
3714,2023-03-04,63046.09874346606
3715,2023-03-05,60302.85739814547
3716,2023-03-06,66521.95879486912
3717,2023-03-07,67560.92180240594
3718,2023-03-08,67332.16649017138
3719,2023-03-09,66880.79306189199
3720,2023-03-10,65896.3050412514
3721,2023-03-11,60593.1090559042
3722,2023-03-12,57865.76597069988
3723,2023-03-13,64119.65130831333
3724,2023-03-14,65210.09997750472
3725,2023-03-15,65046.85288349626
3726,2023-03-16,64671.92525817102
3727,2023-03-17,63771.43083148623
3728,2023-03-18,58556.19108735347
3729,2023-03-19,55917.10102747814
3730,2023-03-20,62255.905927209395
3731,2023-03-21,63424.46062431808
3732,2023-03-22,63329.28551145822
3733,2023-03-23,63009.53584033866
3734,2023-03-24,62148.915496523805
3735,2023-03-25,56956.36187659937
3736,2023-03-26,54321.4711054275
3737,2023-03-27,60645.31637771502
3738,2023-03-28,61779.72979891984
3739,2023-03-29,61631.86129356613
3740,2023-03-30,61242.1311667734
3741,2023-03-31,60296.108030769894
3742,2023-04-01,55005.139839938915
3743,2023-04-02,52261.70890591211
3744,2023-04-03,58470.16578427333
3745,2023-04-04,59485.91492370175
3746,2023-04-05,59219.86849692723
3747,2023-04-06,58716.28809956351
3748,2023-04-07,57664.54928864559
3749,2023-04-08,52279.660027256024
3750,2023-04-09,49457.50719701558
3751,2023-04-10,55605.489230285544
3752,2023-04-11,56581.61069458894
3753,2023-04-12,56298.85788446046
3754,2023-04-13,55802.977363303304
3755,2023-04-14,54784.19423930803
3756,2023-04-15,49457.702559421654
3757,2023-04-16,46718.90276891009
3758,2023-04-17,52974.04452257851
3759,2023-04-18,54079.35035718669
3760,2023-04-19,53945.4384117292
3761,2023-04-20,53615.16475136649
3762,2023-04-21,52775.420215953185
3763,2023-04-22,47637.71189316525
3764,2023-04-23,45093.50152690617
3765,2023-04-24,51544.956234533835
3766,2023-04-25,52844.18393938404
3767,2023-04-26,52897.768502964434
3768,2023-04-27,52744.72190219012
3769,2023-04-28,52068.3852488584
3770,2023-04-29,47077.105802536724
3771,2023-04-30,44659.659598808576
3772,2023-05-01,51216.07271444231
3773,2023-05-02,52596.91162622263
3774,2023-05-03,52707.856156474816
3775,2023-05-04,52587.67135699104
3776,2023-05-05,51920.10966042777
3777,2023-05-06,46914.57051804721
3778,2023-05-07,44461.487745089406
3779,2023-05-08,50963.09870678703
3780,2023-05-09,52272.66739018257
3781,2023-05-10,52298.97687243717
3782,2023-05-11,52084.20992355856
3783,2023-05-12,51315.75175676986
3784,2023-05-13,46206.74504789038
3785,2023-05-14,43651.37048129237
3786,2023-05-15,50055.51003634602
3787,2023-05-16,51275.86809620735
3788,2023-05-17,51224.36879312253
3789,2023-05-18,50945.95101708824
3790,2023-05-19,50130.29749558031
3791,2023-05-20,44992.330100872714
3792,2023-05-21,42427.44625865337
3793,2023-05-22,48842.15482620615
3794,2023-05-23,50093.18718138007
3795,2023-05-24,50091.902086782604
3796,2023-05-25,49882.10539320886
3797,2023-05-26,49151.82012912935
3798,2023-05-27,44113.837800376925
3799,2023-05-28,41661.024012189475
3800,2023-05-29,48197.034643673374
3801,2023-05-30,49575.515866887436
3802,2023-05-31,49704.603887015575
3803,2023-06-01,49624.842621261836
3804,2023-06-02,49021.051942590806
3805,2023-06-03,44102.97440297318
3806,2023-06-04,41760.67073567661
3807,2023-06-05,48395.31773249722
3808,2023-06-06,49858.47940928119
3809,2023-06-07,50056.66528091174
3810,2023-06-08,50029.292290957244
3811,2023-06-09,49460.58177984744
3812,2023-06-10,44560.21862907722
3813,2023-06-11,42218.74258939827
3814,2023-06-12,48838.3255906491
3815,2023-06-13,50272.00663276752
3816,2023-06-14,50428.199229122016
3817,2023-06-15,50348.58952456971
3818,2023-06-16,49719.95843014518
3819,2023-06-17,44754.757191019664
3820,2023-06-18,42346.40892917177
3821,2023-06-19,48899.99266966072
3822,2023-06-20,50271.38426138616
3823,2023-06-21,50371.67198978134
3824,2023-06-22,50244.96776399443
3825,2023-06-23,49580.14983334168
3826,2023-06-24,44591.3688386175
3827,2023-06-25,42173.291836298005
3828,2023-06-26,48731.742546967005
3829,2023-06-27,50122.81357810863
3830,2023-06-28,50257.2693147938
3831,2023-06-29,50178.360790583625
3832,2023-06-30,49573.5884422108
3833,2023-07-01,44655.24402619307
3834,2023-07-02,42315.70534568345
3835,2023-07-03,48958.14061747037
3836,2023-07-04,50435.69641665935
3837,2023-07-05,50655.98574222086
3838,2023-07-06,50658.99508972149
3839,2023-07-07,50128.94380327347
3840,2023-07-08,45274.924223548995
3841,2023-07-09,42986.2934681794
3842,2023-07-10,49663.47089301649
3843,2023-07-11,51157.21249868359
3844,2023-07-12,51373.176338886326
3845,2023-07-13,51349.895584859056
3846,2023-07-14,50770.69060494164
3847,2023-07-15,45844.34703494011
3848,2023-07-16,43460.52954910662
3849,2023-07-17,50020.58469901662
3850,2023-07-18,51376.80386717473
3851,2023-07-19,51436.96064197544
3852,2023-07-20,51242.23997818556
3853,2023-07-21,50479.091649845184
3854,2023-07-22,45359.836523070546
3855,2023-07-23,42777.99726978926
3856,2023-07-24,49139.00910526142
3857,2023-07-25,50299.38405269863
3858,2023-07-26,50171.14567033171
3859,2023-07-27,49799.654331583224
3860,2023-07-28,48875.35831344607
3861,2023-07-29,43614.30191503136
3862,2023-07-30,40913.36479365527
3863,2023-07-31,47180.89046972958
3864,2023-08-01,48275.7796113247
3865,2023-08-02,48111.866823853474
3866,2023-08-03,47735.70246289566
3867,2023-08-04,46838.27575357116
3868,2023-08-05,41635.511044108454
3869,2023-08-06,39023.511551531104
3870,2023-08-07,45409.20828667075
3871,2023-08-08,46649.489083688764
3872,2023-08-09,46655.62537509327
3873,2023-08-10,46471.1167831001
3874,2023-08-11,45783.488045015045
3875,2023-08-12,40804.868068430165
3876,2023-08-13,38427.323236668024
3877,2023-08-14,45053.600271879855
3878,2023-08-15,46536.35112721735
3879,2023-08-16,46782.65508887151
3880,2023-08-17,46831.95576014783
3881,2023-08-18,46367.94517229416
3882,2023-08-19,41599.222730562826
3883,2023-08-20,39414.69926752816
3884,2023-08-21,46214.39994732587
3885,2023-08-22,47848.73724985199
3886,2023-08-23,48223.06832178337
3887,2023-08-24,48375.65383673526
3888,2023-08-25,47989.55045029053
3889,2023-08-26,43273.26476433528
3890,2023-08-27,41116.139628333476
3891,2023-08-28,47919.127402870414
3892,2023-08-29,49534.02258529313
3893,2023-08-30,49867.96950727562
3894,2023-08-31,49961.363870113666
3895,2023-09-01,49499.681978378234
3896,2023-09-02,44694.06745577784
3897,2023-09-03,42436.648179778786
3898,2023-09-04,49131.23995148045
3899,2023-09-05,50632.511121738586
3900,2023-09-06,50850.425583094024
3901,2023-09-07,50828.0844276939
3902,2023-09-08,50253.501461688924
3903,2023-09-09,45340.14345468005
3904,2023-09-10,42982.20869661388
3905,2023-09-11,49585.300942023474
3906,2023-09-12,51005.57324804476
3907,2023-09-13,51154.15912539929
3908,2023-09-14,51075.01105075001
3909,2023-09-15,50456.681034320885
3910,2023-09-16,45512.873409418185
3911,2023-09-17,43137.742519956075
3912,2023-09-18,49736.59134406459
3913,2023-09-19,51165.044411930125
3914,2023-09-20,51333.511227814466
3915,2023-09-21,51285.05901509862
3916,2023-09-22,50707.22827278278
3917,2023-09-23,45812.62016756343
3918,2023-09-24,43494.22739523249
3919,2023-09-25,50156.163637567544
3920,2023-09-26,51652.86421906878
3921,2023-09-27,51893.573594784015
3922,2023-09-28,51920.23809821629
3923,2023-09-29,51419.33724088227
3924,2023-09-30,46602.482581091856
3925,2023-10-01,44361.75596974282
3926,2023-10-02,51100.44263825268
3927,2023-10-03,52672.232213297975
3928,2023-10-04,52985.70388532911
3929,2023-10-05,53082.214838793094
3930,2023-10-06,52647.725964580124
3931,2023-10-07,47893.39461521477
3932,2023-10-08,45710.906932814825
3933,2023-10-09,52503.20588172187
3934,2023-10-10,54123.688650951684
3935,2023-10-11,54480.69011894224
3936,2023-10-12,54615.37181761371
3937,2023-10-13,54213.550589736136
3938,2023-10-14,49486.29670951748
3939,2023-10-15,47325.273836528366
3940,2023-10-16,54133.47660877346
3941,2023-10-17,55764.43906003879
3942,2023-10-18,56126.72993468626
3943,2023-10-19,56261.85360382909
3944,2023-10-20,55856.089958040604
3945,2023-10-21,51121.10217522338
3946,2023-10-22,48949.28384720581
3947,2023-10-23,55744.500407508734
3948,2023-10-24,57361.29724459978
3949,2023-10-25,57709.38987449975
3950,2023-10-26,57831.554314507106
3951,2023-10-27,57415.45064166696
3952,2023-10-28,52674.2084405666
3953,2023-10-29,50501.74564972991
3954,2023-10-30,57303.47600831177
3955,2023-10-31,58935.47798746977
3956,2023-11-01,59308.94131844398
3957,2023-11-02,59468.0102257542
3958,2023-11-03,59101.55752460189
3959,2023-11-04,54423.71964459494
3960,2023-11-05,52329.16559253837
3961,2023-11-06,59223.75666604891
3962,2023-11-07,60963.67146797692
3963,2023-11-08,61459.81400804116
3964,2023-11-09,61755.62562400385
3965,2023-11-10,61538.83640360625
3966,2023-11-11,57021.98753241568
3967,2023-11-12,55097.69873389925
3968,2023-11-13,62169.3385081828
3969,2023-11-14,64090.17231476337
3970,2023-11-15,64767.806745571936
3971,2023-11-16,65242.05032063756
3972,2023-11-17,65196.726111247066
3973,2023-11-18,60840.26675792092
3974,2023-11-19,59061.06481684091
3975,2023-11-20,66258.23455095041
3976,2023-11-21,68280.85839297596
3977,2023-11-22,69032.53391949614
3978,2023-11-23,69549.33952429966
3979,2023-11-24,69511.75137082032
3980,2023-11-25,65125.33945413653
3981,2023-11-26,63276.21292746184
3982,2023-11-27,70361.86806594144
3983,2023-11-28,72230.50946341947
3984,2023-11-29,72785.65785943106
3985,2023-11-30,73064.16060593784
3986,2023-12-01,72748.13550816335
3987,2023-12-02,68045.67441925214
3988,2023-12-03,65846.27574178901
3989,2023-12-04,72551.65869726565
3990,2023-12-05,74015.02996842834
3991,2023-12-06,74145.61665883
3992,2023-12-07,73986.5826654721
3993,2023-12-08,73226.86081307163
3994,2023-12-09,68081.72924442447
3995,2023-12-10,65448.10379340203
3996,2023-12-11,71735.20217999375
3997,2023-12-12,72803.6539476304
3998,2023-12-13,72569.87366180727
3999,2023-12-14,72083.8182135405
4000,2023-12-15,71040.66440359748
4001,2023-12-16,65661.23911145215
4002,2023-12-17,62847.17746864245
4003,2023-12-18,69011.46835426652
4004,2023-12-19,70017.46430252351
4005,2023-12-20,69783.17611492588
4006,2023-12-21,69358.97531811833
4007,2023-12-22,68439.24239825225
4008,2023-12-23,63242.79427255258
4009,2023-12-24,60668.066937048265
4010,2023-12-25,67123.7124659119
4011,2023-12-26,68467.68664251873
4012,2023-12-27,68611.64604725679
4013,2023-12-28,68598.77564660928
4014,2023-12-29,68115.58213387306
4015,2023-12-30,63372.48327801491
4016,2023-12-31,61259.16556729225
4017,2024-01-01,68175.36531063326
4018,2024-01-02,69970.14520165832
4019,2024-01-03,70546.48073924612
4020,2024-01-04,70939.27307256158
4021,2024-01-05,70827.31911255386
4022,2024-01-06,66414.06493836165
4023,2024-01-07,64583.11084666733
4024,2024-01-08,71729.11965902025
4025,2024-01-09,73697.19722845552
4026,2024-01-10,74387.55703837717
4027,2024-01-11,74833.58359250025
4028,2024-01-12,74713.82424725826
4029,2024-01-13,70232.73503862633
4030,2024-01-14,68276.14910099929
4031,2024-01-15,75242.12026546415
4032,2024-01-16,76980.21244865909
4033,2024-01-17,77396.04905238881
4034,2024-01-18,77529.239996231
4035,2024-01-19,77065.21948042446
4036,2024-01-20,72215.8239098203
4037,2024-01-21,69874.58278842292
4038,2024-01-22,76447.3796074273
4039,2024-01-23,77791.55788256289
4040,2024-01-24,77820.29109667194
4041,2024-01-25,77580.33857898008
4042,2024-01-26,76763.7245878203
4043,2024-01-27,71588.1738489387
4044,2024-01-28,68952.27973501102
4045,2024-01-29,75266.06495353823
4046,2024-01-30,76390.01214039372
4047,2024-01-31,76239.38469707326
4048,2024-02-01,75861.9607904325
4049,2024-02-02,74949.71795236082
4050,2024-02-03,69719.30098873207
4051,2024-02-04,67067.24814399269
4052,2024-02-05,73400.63349257222
4053,2024-02-06,74576.2004556423
4054,2024-02-07,74504.8037522781
4055,2024-02-08,74229.27922854215
4056,2024-02-09,73436.27517845121
4057,2024-02-10,68336.8737989109
4058,2024-02-11,65821.97352665082
4059,2024-02-12,72293.08601177314
4060,2024-02-13,73601.61850804486
4061,2024-02-14,73653.45507711222
4062,2024-02-15,73486.9524507472
4063,2024-02-16,72784.88097266431
4064,2024-02-17,67755.13655946264
4065,2024-02-18,65286.19228576174
4066,2024-02-19,71777.941817395
4067,2024-02-20,73081.00459077979
4068,2024-02-21,73101.30591946133
4069,2024-02-22,72878.04832120988
4070,2024-02-23,72095.60558253231
4071,2024-02-24,66964.16720420492
4072,2024-02-25,64375.10409214177
4073,2024-02-26,70731.71046326782
4074,2024-02-27,71888.3950141313
4075,2024-02-28,71755.13799571965
4076,2024-02-29,71375.33416060996
4077,2024-03-01,70437.55687860426
4078,2024-03-02,65156.07484113612
4079,2024-03-03,62426.095886238065
4080,2024-03-04,68654.39636976652
4081,2024-03-05,69698.41227724898
4082,2024-03-06,69470.61147272005
4083,2024-03-07,69016.26933274712
4084,2024-03-08,68025.18481349321
4085,2024-03-09,62712.16954673847
4086,2024-03-10,59972.28506732132
4087,2024-03-11,66211.48655250616
4088,2024-03-12,67285.74861338841
4089,2024-03-13,67105.49129450554
4090,2024-03-14,66713.4267450552
4091,2024-03-15,65796.3613356633
4092,2024-03-16,60565.7831228746
4093,2024-03-17,57913.20673176693
4094,2024-03-18,64240.93075682901
4095,2024-03-19,65401.279789450295
4096,2024-03-20,65301.14574533339
4097,2024-03-21,64979.945523750204
4098,2024-03-22,64121.526489979195
4099,2024-03-23,58934.846645697035
4100,2024-03-24,56309.39885106237
4101,2024-03-25,62646.03190033545
4102,2024-03-26,63796.23873276272
4103,2024-03-27,63666.725149342565
4104,2024-03-28,63297.37532197864
4105,2024-03-29,62373.14541823363
4106,2024-03-30,57104.71261700358
4107,2024-03-31,54383.84985342399
4108,2024-04-01,60614.18060228711
4109,2024-04-02,61650.38597610516
4110,2024-04-03,61402.67992883086
4111,2024-04-04,60914.67162651191
4112,2024-04-05,59875.14935477137
4113,2024-04-06,54498.61646702956
4114,2024-04-07,51680.553028352944
4115,2024-04-08,57828.06077114797
4116,2024-04-09,58798.96684104261
4117,2024-04-10,58506.20512797896
4118,2024-04-11,57995.59696377693
4119,2024-04-12,56957.567913861414
4120,2024-04-13,51607.63309576463
4121,2024-04-14,48841.62612432192
4122,2024-04-15,55066.33022136133
4123,2024-04-16,56138.587341155144
4124,2024-04-17,55969.70392278577
4125,2024-04-18,55603.2743163201
4126,2024-04-19,54726.957350187404
4127,2024-04-20,49553.036723327794
4128,2024-04-21,46973.73813771565
4129,2024-04-22,53391.95915304391
4130,2024-04-23,54660.484763858825
4131,2024-04-24,54686.50424657264
4132,2024-04-25,54509.54713669355
4133,2024-04-26,53813.370587071135
4134,2024-04-27,48806.62563627468
4135,2024-04-28,46378.27230236152
4136,2024-04-29,52928.39672219024
4137,2024-04-30,54307.50089409222
4138,2024-05-01,54421.07851496004
4139,2024-05-02,54307.59316240889
4140,2024-05-03,53650.38995094569
4141,2024-05-04,48658.36759074191
4142,2024-05-05,46221.380697213965
4143,2024-05-06,52741.026039821845
4144,2024-05-07,54069.88427364709
4145,2024-05-08,54116.03211807874
4146,2024-05-09,53920.94314883315
4147,2024-05-10,53171.31063268462
4148,2024-05-11,48079.62195012796
4149,2024-05-12,45539.45730996935
4150,2024-05-13,51956.16945548699
4151,2024-05-14,53186.01898340128
4152,2024-05-15,53140.583296538585
4153,2024-05-16,52864.56030110083
4154,2024-05-17,52047.503027764964
4155,2024-05-18,46904.31719698671
4156,2024-05-19,44330.49656315581
4157,2024-05-20,50732.75446283303
4158,2024-05-21,51968.127461585646
4159,2024-05-22,51948.36990568656
4160,2024-05-23,51717.76076760275
4161,2024-05-24,50964.85872958121
4162,2024-05-25,45903.036787036624
4163,2024-05-26,43425.769988592525
4164,2024-05-27,49937.33307930541
4165,2024-05-28,51291.981891703195
4166,2024-05-29,51398.43491306817
4167,2024-05-30,51297.77378258742
4168,2024-05-31,50675.29584787548
4169,2024-06-01,45741.1471525688
4170,2024-06-02,43385.706551566465
4171,2024-06-03,50010.37487551335
4172,2024-06-04,51466.840303300225
4173,2024-06-05,51661.633921230976
4174,2024-06-06,51634.09208056201
4175,2024-06-07,51068.25690971688
4176,2024-06-08,46173.5419994347
4177,2024-06-09,43840.13306140075
4178,2024-06-10,50469.77706759589
4179,2024-06-11,51915.03110817389
4180,2024-06-12,52083.78551270241
4181,2024-06-13,52017.17888334072
4182,2024-06-14,51401.43787089925
4183,2024-06-15,46448.470579733876
4184,2024-06-16,44051.18560706105
4185,2024-06-17,50614.192700429514
4186,2024-06-18,51992.95894557188
4187,2024-06-19,52098.23782328074
4188,2024-06-20,51973.891614216685
4189,2024-06-21,51308.6427671625
4190,2024-06-22,46316.58577351962
4191,2024-06-23,43892.43400554169
4192,2024-06-24,50442.15967761394
4193,2024-06-25,51822.10267905957
4194,2024-06-26,51943.36706121448
4195,2024-06-27,51849.62666747403
4196,2024-06-28,51228.87606970813
4197,2024-06-29,46293.95842347034
4198,2024-06-30,43937.84428966581
4199,2024-07-01,50564.31870649834
4200,2024-07-02,52027.15094207245
4201,2024-07-03,52234.563992036274
4202,2024-07-04,52227.123239007524
4203,2024-07-05,51689.57807409468
4204,2024-07-06,46831.48550556528
4205,2024-07-07,44542.587066453314
4206,2024-07-08,51223.59349783475
4207,2024-07-09,52725.44884164727
4208,2024-07-10,52953.88830000232
4209,2024-07-11,52947.406737499565
4210,2024-07-12,52389.169324945164
4211,2024-07-13,47487.69135157775
4212,2024-07-14,45132.256878754924
4213,2024-07-15,51723.72947833046
4214,2024-07-16,53113.82589522887
4215,2024-07-17,53209.66665595886
4216,2024-07-18,53051.72063399929
4217,2024-07-19,52325.675666188705
4218,2024-07-20,47243.06328857311
4219,2024-07-21,44696.60871910246
4220,2024-07-22,51090.96115713239
4221,2024-07-23,52281.877383331106
4222,2024-07-24,52180.67508536129
4223,2024-07-25,51832.075511988536
4224,2024-07-26,50925.97025914039
4225,2024-07-27,45677.94300618778
4226,2024-07-28,42984.52004523426
4227,2024-07-29,49253.80727765056
4228,2024-07-30,50344.58908648469
4229,2024-07-31,50170.707687775895
4230,2024-08-01,49778.84443793059
4231,2024-08-02,48860.239422410334
4232,2024-08-03,43631.181274961054
4233,2024-08-04,40988.241782696205
4234,2024-08-05,47338.91323148105
4235,2024-08-06,48540.72374408015
4236,2024-08-07,48505.648631783275
4237,2024-08-08,48277.93824916353
4238,2024-08-09,47545.89731702941
4239,2024-08-10,42522.44597176083
4240,2024-08-11,40100.43512600049
4241,2024-08-12,46683.371902897496
4242,2024-08-13,48124.62804613405
4243,2024-08-14,48331.94688451018
4244,2024-08-15,48345.366876151325
4245,2024-08-16,47849.09427675638
4246,2024-08-17,43052.15288008767
4247,2024-08-18,40843.78127676484
4248,2024-08-19,47624.23148035164
4249,2024-08-20,49244.04018489002
4250,2024-08-21,49608.5869066008
4251,2024-08-22,49756.05605181704
4252,2024-08-23,49369.334833987145
4253,2024-08-24,44656.674736092304
4254,2024-08-25,42507.08708032783
4255,2024-08-26,49321.12702449379
4256,2024-08-27,50950.13805163626
4257,2024-08-28,51300.772308493775
4258,2024-08-29,51412.905198408735
4259,2024-08-30,50971.47772992979
4260,2024-08-31,46187.09605944696
4261,2024-09-01,43951.36064082984
4262,2024-09-02,50667.581205688395
4263,2024-09-03,52189.95154183689
4264,2024-09-04,52428.00126874672
4265,2024-09-05,52424.44475032718
4266,2024-09-06,51866.96222579242
4267,2024-09-07,46968.74398135535
4268,2024-09-08,44623.771131271176
4269,2024-09-09,51237.49013481433
4270,2024-09-10,52665.955648239316
4271,2024-09-11,52820.25926629765
4272,2024-09-12,52744.36437099236
4273,2024-09-13,52126.88198039947
4274,2024-09-14,47181.61798268948
4275,2024-09-15,44802.86466302583
4276,2024-09-16,51396.09279623894
4277,2024-09-17,52817.1178950315
4278,2024-09-18,52976.55704310311
4279,2024-09-19,52917.69533224226
4280,2024-09-20,52328.295568146445
4281,2024-09-21,47421.1804144505
4282,2024-09-22,45089.55872104519
4283,2024-09-23,51737.75123871635
4284,2024-09-24,53220.38836326474
4285,2024-09-25,53446.89554220286
4286,2024-09-26,53459.38474016762
